[
  {
    "id": "pp01",
    "name": "Пицца Везувий",
    "description": "Соус томатный, сыр «Моцарелла», ветчина, пепперони, перец «Халапенье», соус «Тобаско», томаты.",
    "price": 545,
    "image": "img/pizza-plus/pizza-vesuvius.jpg"
  },
  {
    "id": "pp02",
    "name": "Пицца Девичник",
    "description": "Соус томатный, постное тесто, нежирный сыр, кукуруза, лук, маслины, грибы, помидоры, болгарский перец.",
    "price": 450,
    "image": "img/pizza-plus/pizza-girls.jpg"
  },
  {
    "id": "pp03",
    "name": "Пицца Оле-Оле",
    "description": "Соус томатный, сыр «Моцарелла», черри, маслины, зелень, майонез",
    "price": 440,
    "image": "img/pizza-plus/pizza-oleole.jpg"
  },
  {
    "id": "pp04",
    "name": "Пицца Плюс",
    "description": "Соус томатный, сыр «Моцарелла», сыр «Чеддер», томаты, пепперони, телятина, грибы, бекон, болгарский перец.",
    "price": 805,
    "image": "img/pizza-plus/pizza-plus.jpg"
  },
  {
    "id": "pp05",
    "name": "Пицца Гавайская",
    "description": "Соус томатный, сыр «Моцарелла», ветчина, ананасы",
    "price": 440,
    "image": "img/pizza-plus/pizza-hawaiian.jpg"
  },
  {
    "id": "pp06",
    "name": "Пицца Классика",
    "description": "Соус томатный, сыр «Моцарелла», сыр «Пармезан», ветчина, салями, грибы.",
    "price": 510,
    "image": "img/pizza-plus/pizza-classic.jpg"
  }
]
